Date,oz
2010-01-04,3669
2010-01-05,3711
2010-01-07,3746
2010-01-08,3717
2010-01-11,3786
2010-01-12,3913
2010-01-13,3866
2010-01-14,3878
2010-01-15,3894
2010-01-18,3866
2010-01-19,3867
2010-01-20,3887
2010-01-21,3833
2010-01-22,3777
2010-01-25,3812
2010-01-26,3810
2010-01-27,3827
2010-01-28,3805
2010-01-29,3779
2010-02-01,3776
2010-02-02,3849
2010-02-03,3885
2010-02-04,3852
2010-02-05,3761
2010-02-08,3745
2010-02-09,3734
2010-02-10,3760
2010-02-11,3752
2010-02-12,3810
2010-02-17,3876
2010-02-18,3823
2010-02-19,3836
2010-02-22,3909
2010-02-23,3862
2010-02-24,3838
2010-02-25,3810
2010-03-01,3866
2010-03-02,3862
2010-03-03,3906
2010-03-04,3913
2010-03-05,3881
2010-03-09,3827
2010-03-10,3819
2010-03-11,3755
2010-03-12,3723
2010-03-13,3761
2010-03-14,3802
2010-03-18,3775
2010-03-19,3800
2010-03-22,3734
2010-03-23,3746
2010-03-24,3739
2010-03-26,3690
2010-03-30,3695
2010-03-31,3682
2010-04-01,3796
2010-04-02,3721
2010-04-05,3719
2010-04-06,3705
2010-04-07,3704
2010-04-08,3767
2010-04-09,3750
2010-04-12,3785
2010-04-13,3790
2010-04-14,3760
2010-04-15,3760
2010-04-16,3786
2010-04-19,3718
2010-04-21,3725
2010-04-22,3751
2010-04-23,3726
2010-04-26,3742
2010-04-27,3749
2010-04-28,3821
2010-04-30,3811
2010-05-03,3851
2010-05-04,3861
2010-05-05,3857
2010-05-06,3897
2010-05-07,4047
2010-05-10,3965
2010-05-11,3929
2010-05-12,4021
2010-05-13,4030
2010-05-14,4025
2010-05-17,4053
2010-05-18,4034
2010-05-19,4047
2010-05-20,3966
2010-05-21,3985
2010-05-24,3993
2010-05-25,4048
2010-05-26,4116
2010-05-27,4112
2010-05-31,4028
2010-06-01,4054
2010-06-02,4129
2010-06-03,4077
2010-06-04,4028
2010-06-07,4127
2010-06-08,4205
2010-06-09,4203
2010-06-10,4172
2010-06-11,4070
2010-06-14,4091
2010-06-15,4058
2010-06-16,4088
2010-06-18,4150
2010-06-21,4119
2010-06-22,4048
2010-06-23,4076
2010-06-24,4068
2010-06-25,4103
2010-06-28,4137
2010-06-29,4083
2010-06-30,4129
2010-07-01,4104
2010-07-02,3948
2010-07-05,3983
2010-07-06,3977
2010-07-07,3899
2010-07-08,3930
2010-07-09,3890
2010-07-12,3941
2010-07-13,3904
2010-07-14,3936
2010-07-15,3955
2010-07-16,3949
2010-07-19,3925
2010-07-20,3890
2010-07-21,3897
2010-07-22,3898
2010-07-23,3902
2010-07-26,3876
2010-07-27,3858
2010-07-28,3786
2010-07-29,3798
2010-07-30,3803
2010-08-02,3807
2010-08-03,3807
2010-08-04,3834
2010-08-05,3864
2010-08-06,3844
2010-08-09,3857
2010-08-10,3855
2010-08-11,3870
2010-08-12,3899
2010-08-13,3930
2010-08-16,3956
2010-08-17,3960
2010-08-18,3943
2010-08-19,3928
2010-08-20,3940
2010-08-23,3929
2010-08-24,3904
2010-08-25,3950
2010-08-26,3967
2010-08-27,3963
2010-08-30,3947
2010-09-01,3996
2010-09-02,3969
2010-09-03,3985
2010-09-06,3961
2010-09-07,3976
2010-09-08,4007
2010-09-09,3980
2010-09-13,3931
2010-09-14,3950
2010-09-15,4016
2010-09-17,4044
2010-09-20,4040
2010-09-21,4046
2010-09-22,4061
2010-09-23,4072
2010-09-24,4091
2010-09-27,4087
2010-09-28,4077
2010-09-29,4117
2010-09-30,4119
2010-10-01,4115
2010-10-04,4147
2010-10-05,4150
2010-10-06,4228
2010-10-07,4238
2010-10-08,4223
2010-10-11,4260
2010-10-12,4287
2010-10-13,4271
2010-10-14,4326
2010-10-15,4340
2010-10-18,4285
2010-10-19,4319
2010-10-20,4262
2010-10-21,4271
2010-10-22,4213
2010-10-25,4228
2010-10-26,4234
2010-10-27,4249
2010-10-28,4212
2010-10-29,4248
2010-11-01,4302
2010-11-02,4274
2010-11-03,4271
2010-11-04,4240
2010-11-08,4395
2010-11-09,4449
2010-11-10,4417
2010-11-11,4415
2010-11-12,4439
2010-11-15,4365
2010-11-16,4353
2010-11-18,4300
2010-11-19,4320
2010-11-22,4304
2010-11-23,4332
2010-11-24,4394
2010-11-25,4394
2010-11-26,4386
2010-11-29,4371
2010-11-30,4411
2010-12-01,4460
2010-12-02,4456
2010-12-03,4450
2010-12-06,4505
2010-12-08,4491
2010-12-09,4435
2010-12-10,4440
2010-12-13,4415
2010-12-14,4458
2010-12-15,4455
2010-12-16,4423
2010-12-17,4382
2010-12-20,4425
2010-12-21,4435
2010-12-22,4432
2010-12-23,4414
2010-12-24,4387
2010-12-27,4351
2010-12-28,4369
2010-12-29,4432
2010-12-30,4445
2011-01-03,4425
2011-01-04,4422
2011-01-05,4325
2011-01-06,4310
2011-01-07,4295
2011-01-10,4284
2011-01-11,4318
2011-01-12,4323
2011-01-13,4316
2011-01-14,4287
2011-01-17,4248
2011-01-18,4246
2011-01-19,4265
2011-01-21,4214
2011-01-24,4204
2011-01-25,4157
2011-01-26,4148
2011-01-27,4185
2011-01-28,4096
2011-01-31,4200
2011-02-01,4162
2011-02-02,4166
2011-02-07,4181
2011-02-08,4182
2011-02-09,4218
2011-02-10,4222
2011-02-11,4233
2011-02-14,4220
2011-02-16,4272
2011-02-17,4267
2011-02-18,4292
2011-02-21,4304
2011-02-22,4369
2011-02-23,4350
2011-02-24,4397
2011-02-25,4379
2011-02-28,4404
2011-03-01,4382
2011-03-02,4442
2011-03-03,4431
2011-03-04,4376
2011-03-07,4435
2011-03-08,4427
2011-03-09,4422
2011-03-10,4418
2011-03-11,4380
2011-03-14,4423
2011-03-15,4410
2011-03-16,4351
2011-03-17,4349
2011-03-18,4381
2011-03-21,4428
2011-03-22,4414
2011-03-23,4407
2011-03-24,4442
2011-03-25,4423
2011-03-28,4401
2011-03-29,4385
2011-03-30,4383
2011-03-31,4384
2011-04-01,4425
2011-04-04,4413
2011-04-05,4431
2011-04-06,4483
2011-04-07,4494
2011-04-08,4502
2011-04-11,4545
2011-04-12,4502
2011-04-13,4490
2011-04-14,4501
2011-04-15,4556
2011-04-18,4584
2011-04-19,4616
2011-04-20,4607
2011-04-21,4621
2011-04-22,4620
2011-04-25,4635
2011-04-26,4604
2011-04-27,4587
2011-04-28,4618
2011-04-29,4650
2011-05-03,4670
2011-05-04,4661
2011-05-05,4626
2011-05-06,4565
2011-05-09,4553
2011-05-10,4601
2011-05-11,4613
2011-05-12,4599
2011-05-13,4614
2011-05-16,4608
2011-05-18,4606
2011-05-19,4610
2011-05-20,4603
2011-05-23,4674
2011-05-24,4727
2011-05-25,4741
2011-05-26,4753
2011-05-27,4718
2011-05-30,4734
2011-05-31,4718
2011-06-01,4708
2011-06-02,4761
2011-06-03,4706
2011-06-06,4715
2011-06-07,4747
2011-06-08,4729
2011-06-09,4733
2011-06-10,4753
2011-06-13,4721
2011-06-14,4711
2011-06-15,4709
2011-06-16,4740
2011-06-17,4758
2011-06-20,4763
2011-06-21,4775
2011-06-22,4766
2011-06-23,4783
2011-06-24,4717
2011-06-27,4674
2011-06-28,4674
2011-06-29,4652
2011-06-30,4657
2011-07-01,4613
2011-07-04,4559
2011-07-05,4581
2011-07-06,4650
2011-07-07,4690
2011-07-08,4679
2011-07-11,4718
2011-07-12,4794
2011-07-13,4834
2011-07-14,4870
2011-07-15,4864
2011-07-18,4903
2011-07-19,4917
2011-07-20,4858
2011-07-21,4877
2011-07-22,4837
2011-07-25,4902
2011-07-26,4884
2011-07-27,4867
2011-07-28,4850
2011-07-29,4856
2011-08-01,4872
2011-08-02,4874
2011-08-03,5023
2011-08-04,5021
2011-08-05,5057
2011-08-08,5161
2011-08-09,5352
2011-08-10,5392
2011-08-11,5560
2011-08-12,5336
2011-08-15,5280
2011-08-16,5339
2011-08-17,5432
2011-08-18,5415
2011-08-19,5591
2011-08-22,5696
2011-08-23,5777
2011-08-24,5583
2011-08-25,5340
2011-08-26,5404
2011-08-29,5515
2011-09-02,5529
2011-09-05,5724
2011-09-06,5781
2011-09-07,5715
2011-09-08,5542
2011-09-09,5694
2011-09-12,5708
2011-09-13,5675
2011-09-14,5744
2011-09-15,5717
2011-09-19,5749
2011-09-20,5692
2011-09-21,5720
2011-09-22,5744
2011-09-23,5628
2011-09-26,5389
2011-09-27,5238
2011-09-28,5265
2011-09-29,5173
2011-09-30,5266
2011-10-03,5321
2011-10-04,5447
2011-10-05,5327
2011-10-06,5306
2011-10-07,5337
2011-10-10,5281
2011-10-11,5305
2011-10-12,5342
2011-10-13,5355
2011-10-14,5322
2011-10-17,5330
2011-10-18,5314
2011-10-19,5278
2011-10-20,5219
2011-10-21,5166
2011-10-24,5265
2011-10-25,5261
2011-10-27,5516
2011-10-28,5466
2011-10-31,5451
2011-11-01,5396
2011-11-02,5520
2011-11-03,5583
2011-11-04,5590
2011-11-08,5714
2011-11-09,5677
2011-11-10,5691
2011-11-11,5637
2011-11-14,5731
2011-11-15,5700
2011-11-16,5731
2011-11-17,5693
2011-11-18,5566
2011-11-21,5540
2011-11-22,5443
2011-11-23,5517
2011-11-24,5495
2011-11-25,5506
2011-11-29,5556
2011-11-30,5586
2011-12-01,5602
2011-12-02,5570
2011-12-05,5583
2011-12-06,5499
2011-12-07,5527
2011-12-08,5551
2011-12-09,5501
2011-12-12,5498
2011-12-13,5394
2011-12-14,5298
2011-12-15,5124
2011-12-16,5123
2011-12-19,5194
2011-12-20,5185
2011-12-21,5237
2011-12-22,5223
2011-12-23,5196
2011-12-27,5163
2011-12-28,5145
2011-12-29,5039
2011-12-30,5013
2012-01-03,5078
2012-01-04,5139
2012-01-05,5162
2012-01-06,5197
2012-01-09,5196
2012-01-10,5175
2012-01-11,5240
2012-01-12,5262
2012-01-13,5264
2012-01-16,5240
2012-01-17,5260
2012-01-18,5267
2012-01-19,5244
2012-01-20,5229
2012-01-25,5249
2012-01-26,5328
2012-01-27,5358
2012-01-30,5378
2012-01-31,5391
2012-02-01,5429
2012-02-02,5382
2012-02-03,5414
2012-02-08,5350
2012-02-09,5311
2012-02-10,5327
2012-02-13,5326
2012-02-14,5323
2012-02-15,5348
2012-02-16,5373
2012-02-17,5362
2012-02-20,5339
2012-02-21,5351
2012-02-22,5429
2012-02-23,5471
2012-02-24,5461
2012-02-27,5456
2012-02-28,5424
2012-03-01,5222
2012-03-02,5250
2012-03-05,5254
2012-03-06,5237
2012-03-07,5184
2012-03-08,5194
2012-03-09,5211
2012-03-12,5267
2012-03-13,5245
2012-03-14,5190
2012-03-15,5140
2012-03-16,5159
2012-03-19,5158
2012-03-20,5168
2012-03-21,5170
2012-03-22,5188
2012-03-23,5180
2012-03-26,5211
2012-03-27,5281
2012-03-28,5254
2012-03-29,5202
2012-03-30,5197
2012-04-02,5207
2012-04-03,5219
2012-04-04,5132
2012-04-05,5063
2012-04-06,5106
2012-04-09,5151
2012-04-10,5138
2012-04-12,5202
2012-04-16,5159
2012-04-17,5156
2012-04-18,5147
2012-04-19,5133
2012-04-20,5132
2012-04-23,5124
2012-04-24,5119
2012-04-25,5125
2012-04-26,5122
2012-04-27,5150
2012-04-30,5148
2012-05-02,5128
2012-05-03,5104
2012-05-04,5070
2012-05-07,5127
2012-05-08,5096
2012-05-09,5005
2012-05-11,4989
2012-05-15,4896
2012-05-16,4867
2012-05-17,4901
2012-05-18,5022
2012-05-21,5082
2012-05-22,5063
2012-05-23,5015
2012-05-24,5005
2012-05-25,5000
2012-05-28,5056
2012-05-29,5066
2012-05-30,5003
2012-05-31,5069
2012-06-01,5055
2012-06-04,5293
2012-06-05,5260
2012-06-06,5246
2012-06-07,5227
2012-06-08,5141
2012-06-11,5170
2012-06-12,5168
2012-06-13,5214
2012-06-14,5246
2012-06-15,5247
2012-06-18,5181
2012-06-19,5232
2012-06-20,5208
2012-06-21,5171
2012-06-22,5090
2012-06-25,5103
2012-06-26,5158
2012-06-27,5110
2012-06-28,5114
2012-06-29,5052
2012-07-02,5145
2012-07-03,5144
2012-07-04,5188
2012-07-05,5196
2012-07-06,5176
2012-07-09,5129
2012-07-10,5147
2012-07-11,5104
2012-07-12,5101
2012-07-16,5145
2012-07-17,5133
2012-07-18,5093
2012-07-19,5051
2012-07-20,5075
2012-07-23,5090
2012-07-24,5104
2012-07-25,5135
2012-07-26,5176
2012-07-27,5191
2012-07-30,5211
2012-07-31,5201
2012-08-01,5131
2012-08-02,5103
2012-08-03,5083
2012-08-06,5072
2012-08-07,5095
2012-08-08,5086
2012-08-09,5096
2012-08-10,5114
2012-08-13,5145
2012-08-14,5131
2012-08-15,5088
2012-08-16,5109
2012-08-17,5143
2012-08-19,5051
2012-08-22,5207
2012-08-23,5242
2012-08-24,5260
2012-08-27,5291
2012-08-28,5283
2012-08-29,5292
2012-08-30,5273
2012-09-03,5358
2012-09-04,5361
2012-09-05,5360
2012-09-06,5374
2012-09-07,5366
2012-09-10,5486
2012-09-11,5466
2012-09-12,5443
2012-09-13,5429
2012-09-14,5509
2012-09-18,5477
2012-09-19,5522
2012-09-20,5511
2012-09-21,5517
2012-09-24,5515
2012-09-25,5520
2012-09-26,5512
2012-09-27,5500
2012-09-28,5549
2012-10-01,5525
2012-10-02,5544
2012-10-03,5523
2012-10-04,5538
2012-10-05,5563
2012-10-08,5545
2012-10-09,5546
2012-10-10,5528
2012-10-11,5518
2012-10-12,5509
2012-10-15,5441
2012-10-16,5408
2012-10-17,5426
2012-10-18,5397
2012-10-19,5407
2012-10-22,5348
2012-10-23,5363
2012-10-24,5339
2012-10-25,5311
2012-10-29,5320
2012-10-30,5322
2012-10-31,5315
2012-11-01,5348
2012-11-02,5328
2012-11-05,5245
2012-11-06,5262
2012-11-07,5327
2012-11-08,5354
2012-11-09,5415
2012-11-12,5414
2012-11-14,5390
2012-11-16,5354
2012-11-19,5361
2012-11-20,5386
2012-11-21,5382
2012-11-22,5387
2012-11-23,5390
2012-11-26,5440
2012-11-27,5440
2012-11-28,5409
2012-11-29,5347
2012-11-30,5351
2012-12-03,5311
2012-12-04,5310
2012-12-05,5254
2012-12-06,5254
2012-12-07,5289
2012-12-10,5298
2012-12-11,5334
2012-12-12,5312
2012-12-13,5302
2012-12-14,5283
2012-12-17,5273
2012-12-18,5283
2012-12-19,5208
2012-12-20,5199
2012-12-21,5126
2012-12-24,5181
2012-12-26,5165
2012-12-27,5178
2012-12-28,5188
2012-12-31,5170
2013-01-02,5192
2013-01-03,5219
2013-01-04,5124
2013-01-07,5134
2013-01-08,5111
2013-01-09,5145
2013-01-10,5129
2013-01-11,5140
2013-01-14,5116
2013-01-15,5114
2013-01-16,5160
2013-01-17,5159
2013-01-18,5169
2013-01-21,5175
2013-01-22,5225
2013-01-23,5238
2013-01-25,5178
2013-01-29,5187
2013-01-30,5202
2013-01-31,5268
2013-02-01,5237
2013-02-04,5268
2013-02-05,5282
2013-02-06,5267
2013-02-07,5295
2013-02-08,5276
2013-02-13,5208
2013-02-14,5166
2013-02-15,5149
2013-02-18,5092
2013-02-19,5098
2013-02-20,5062
2013-02-21,4960
2013-02-22,4998
2013-02-25,4983
2013-02-26,5046
2013-02-27,5091
2013-02-28,5024
2013-03-01,4982
2013-03-04,5000
2013-03-05,4976
2013-03-06,4984
2013-03-07,5010
2013-03-08,4992
2013-03-11,4995
2013-03-12,5009
2013-03-13,5039
2013-03-14,5032
2013-03-15,5041
2013-03-18,5115
2013-03-19,5113
2013-03-20,5138
2013-03-21,5095
2013-03-22,5138
2013-03-25,5073
2013-03-26,5068
2013-03-27,5041
2013-03-28,5064
2013-03-29,5025
2013-04-01,5032
2013-04-02,5034
2013-04-03,4964
2013-04-04,4885
2013-04-05,4865
2013-04-08,4910
2013-04-09,4889
2013-04-10,4894
2013-04-11,4806
2013-04-12,4832
2013-04-15,4622
2013-04-16,4132
2013-04-17,4228
2013-04-18,4250
2013-04-19,4305
2013-04-22,4346
2013-04-23,4418
2013-04-24,4410
2013-04-25,4439
2013-04-26,4543
2013-04-29,4522
2013-04-30,4544
2013-05-02,4521
2013-05-03,4558
2013-05-06,4480
2013-05-07,4437
2013-05-08,4405
2013-05-09,4434
2013-05-10,4440
2013-05-13,4394
2013-05-14,4368
2013-05-15,4364
2013-05-16,4250
2013-05-17,4255
2013-05-20,4135
2013-05-21,4255
2013-05-22,4234
2013-05-23,4223
2013-05-27,4295
2013-05-28,4302
2013-05-29,4301
2013-05-30,4358
2013-05-31,4428
2013-06-03,4395
2013-06-04,4438
2013-06-05,4403
2013-06-06,4407
2013-06-07,4424
2013-06-10,4384
2013-06-11,4426
2013-06-12,4394
2013-06-13,4434
2013-06-14,4398
2013-06-17,4409
2013-06-18,4427
2013-06-19,4410
2013-06-20,4379
2013-06-21,4167
2013-06-24,4258
2013-06-25,4186
2013-06-26,4152
2013-06-27,4019
2013-06-28,3896
2013-07-01,4006
2013-07-02,4032
2013-07-03,4031
2013-07-04,4066
2013-07-05,4046
2013-07-08,3984
2013-07-09,4034
2013-07-10,4045
2013-07-11,4124
2013-07-12,4143
2013-07-15,4173
2013-07-16,4157
2013-07-17,4187
2013-07-18,4145
2013-07-19,4186
2013-07-22,4250
2013-07-23,4302
2013-07-24,4331
2013-07-25,4306
2013-07-26,4349
2013-07-29,4356
2013-07-30,4378
2013-07-31,4385
2013-08-01,4385
2013-08-02,4336
2013-08-05,4338
2013-08-06,4297
2013-08-07,4218
2013-08-12,4379
2013-08-13,4423
2013-08-14,4399
2013-08-15,4462
2013-08-16,4543
2013-08-19,4602
2013-08-20,4591
2013-08-21,4583
2013-08-22,4586
2013-08-23,4630
2013-08-26,4673
2013-08-27,4748
2013-08-28,4808
2013-08-29,4797
2013-08-30,4722
2013-09-02,4652
2013-09-03,4642
2013-09-04,4749
2013-09-05,4653
2013-09-06,4625
2013-09-09,4679
2013-09-10,4632
2013-09-11,4537
2013-09-12,4528
2013-09-13,4433
2013-09-17,4355
2013-09-18,4285
2013-09-19,4410
2013-09-20,4396
2013-09-23,4300
2013-09-24,4328
2013-09-25,4350
2013-09-26,4363
2013-09-27,4340
2013-09-30,4450
2013-10-01,4399
2013-10-02,4231
2013-10-03,4290
2013-10-04,4292
2013-10-07,4241
2013-10-08,4296
2013-10-09,4297
2013-10-10,4234
2013-10-11,4178
2013-10-14,4122
2013-10-16,4114
2013-10-17,4133
2013-10-18,4215
2013-10-21,4238
2013-10-22,4261
2013-10-23,4304
2013-10-25,4318
2013-10-29,4335
2013-10-30,4323
2013-10-31,4314
2013-11-01,4293
2013-11-04,4252
2013-11-06,4259
2013-11-08,4253
2013-11-11,4187
2013-11-12,4184
2013-11-13,4139
2013-11-14,4176
2013-11-15,4189
2013-11-18,4188
2013-11-19,4143
2013-11-20,4117
2013-11-21,4052
2013-11-22,4067
2013-11-25,4052
2013-11-26,4101
2013-11-27,4082
2013-11-28,4080
2013-11-29,4094
2013-12-02,4103
2013-12-03,4006
2013-12-04,4008
2013-12-05,4067
2013-12-06,4023
2013-12-09,4027
2013-12-10,4043
2013-12-11,4116
2013-12-12,4118
2013-12-13,4051
2013-12-16,4071
2013-12-17,4093
2013-12-18,4090
2013-12-19,4067
2013-12-20,3987
2013-12-23,4037
2013-12-24,4020
2013-12-26,4034
2013-12-27,4064
2013-12-30,4071
2013-12-31,4015
2014-01-02,4024
2014-01-03,4108
2014-01-06,4131
2014-01-07,4139
2014-01-08,4118
2014-01-09,4094
2014-01-10,4093
2014-01-13,4139
2014-01-15,4144
2014-01-16,4159
2014-01-20,4238
2014-01-21,4237
2014-01-22,4218
2014-01-23,4187
2014-01-24,4284
2014-01-27,4350
2014-01-28,4277
2014-01-29,4236
2014-01-30,4317
2014-02-03,4214
2014-02-04,4287
2014-02-05,4232
2014-02-06,4241
2014-02-07,4243
2014-02-10,4296
2014-02-11,4341
2014-02-12,4357
2014-02-13,4371
2014-02-14,4390
2014-02-17,4437
2014-02-18,4455
2014-02-19,4446
2014-02-20,4420
2014-02-21,4436
2014-02-24,4450
2014-02-25,4458
2014-02-26,4484
2014-02-27,4449
2014-02-28,4439
2014-03-03,4483
2014-03-04,4512
2014-03-05,4450
2014-03-06,4454
2014-03-07,4471
2014-03-10,4454
2014-03-11,4479
2014-03-12,4510
2014-03-13,4561
2014-03-14,4604
2014-03-17,4629
2014-03-18,4550
2014-03-19,4522
2014-03-20,4460
2014-03-21,4482
2014-03-24,4487
2014-03-25,4399
2014-03-26,4404
2014-03-27,4385
2014-03-28,4317
2014-03-31,4307
2014-04-01,4260
2014-04-02,4259
2014-04-03,4312
2014-04-04,4294
2014-04-07,4333
2014-04-08,4320
2014-04-09,4317
2014-04-10,4301
2014-04-11,4349
2014-04-14,4374
2014-04-15,4390
2014-04-16,4311
2014-04-17,4292
2014-04-18,4266
2014-04-21,4282
2014-04-22,4270
2014-04-23,4273
2014-04-24,4265
2014-04-25,4304
2014-04-28,4346
2014-04-29,4316
2014-04-30,4302
2014-05-02,4259
2014-05-06,4351
2014-05-07,4328
2014-05-08,4270
2014-05-09,4238
2014-05-12,4221
2014-05-14,4265
2014-05-15,4287
2014-05-16,4270
2014-05-19,4241
2014-05-20,4234
2014-05-21,4247
2014-05-22,4224
2014-05-23,4235
2014-05-26,4219
2014-05-27,4221
2014-05-28,4145
2014-05-29,4130
2014-05-30,4119
2014-06-02,4089
2014-06-03,4097
2014-06-04,4100
2014-06-05,4101
2014-06-06,4114
2014-06-09,4084
2014-06-10,4081
2014-06-11,4112
2014-06-12,4124
2014-06-13,4160
2014-06-16,4193
2014-06-17,4183
2014-06-18,4184
2014-06-19,4187
2014-06-20,4314
2014-06-23,4304
2014-06-24,4303
2014-06-25,4322
2014-06-26,4324
2014-06-27,4317
2014-06-30,4302
2014-07-01,4331
2014-07-02,4324
2014-07-03,4330
2014-07-04,4297
2014-07-07,4279
2014-07-08,4275
2014-07-09,4263
2014-07-10,4283
2014-07-11,4337
2014-07-15,4215
2014-07-16,4222
2014-07-17,4215
2014-07-18,4291
2014-07-21,4244
2014-07-22,4234
2014-07-23,4222
2014-07-24,4208
2014-07-25,4183
2014-07-30,4211
2014-07-31,4206
2014-08-01,4191
2014-08-04,4216
2014-08-05,4197
2014-08-06,4195
2014-08-07,4265
2014-08-08,4288
2014-08-11,4263
2014-08-12,4258
2014-08-13,4262
2014-08-14,4255
2014-08-15,4238
2014-08-18,4171
2014-08-19,4165
2014-08-20,4169
2014-08-21,4171
2014-08-22,4121
2014-08-25,4127
2014-08-26,4113
2014-08-27,4119
2014-08-28,4109
2014-08-29,4149
2014-09-01,4125
2014-09-02,4136
2014-09-03,4096
2014-09-04,4104
2014-09-05,4095
2014-09-08,4101
2014-09-09,4079
2014-09-10,4081
2014-09-11,4066
2014-09-12,4038
2014-09-15,4022
2014-09-17,4046
2014-09-18,4030
2014-09-19,4046
2014-09-22,4008
2014-09-23,4026
2014-09-24,4042
2014-09-25,4013
2014-09-26,4057
2014-09-29,4055
2014-10-01,4034
2014-10-02,4045
2014-10-03,4017
2014-10-07,4008
2014-10-08,4019
2014-10-09,4044
2014-10-10,4038
2014-10-13,4093
2014-10-14,4103
2014-10-15,4100
2014-10-16,4123
2014-10-17,4138
2014-10-20,4115
2014-10-21,4137
2014-10-23,4133
2014-10-24,4110
2014-10-27,4095
2014-10-28,4087
2014-10-29,4091
2014-10-30,4064
2014-10-31,4015
2014-11-03,3923
2014-11-04,3946
2014-11-05,3969
2014-11-06,3891
2014-11-07,3885
2014-11-11,3928
2014-11-12,3955
2014-11-13,3937
2014-11-14,3946
2014-11-17,4038
2014-11-18,4045
2014-11-19,4084
2014-11-20,4054
2014-11-21,4080
2014-11-24,4095
2014-11-26,4084
2014-11-27,4080
2014-11-28,4068
2014-12-01,3994
2014-12-02,4207
2014-12-03,4196
2014-12-04,4241
2014-12-05,4232
2014-12-09,4267
2014-12-10,4358
2014-12-11,4371
2014-12-12,4363
2014-12-15,4357
2014-12-16,4264
2014-12-17,4253
2014-12-18,4213
2014-12-19,4228
2014-12-22,4233
2014-12-23,4183
2014-12-24,4190
2014-12-26,4192
2014-12-29,4245
2014-12-30,4220
2014-12-31,4270
2015-01-02,4233
2015-01-05,4260
2015-01-06,4348
2015-01-07,4420
2015-01-08,4400
2015-01-09,4382
2015-01-12,4431
2015-01-13,4482
2015-01-14,4496
2015-01-15,4483
2015-01-16,4579
2015-01-19,4633
2015-01-20,4644
2015-01-21,4767
2015-01-22,4764
2015-01-23,4760
2015-01-26,4768
2015-01-27,4697
2015-01-28,4750
2015-01-29,4755
2015-01-30,4665
2015-02-02,4715
2015-02-04,4593
2015-02-05,4650
2015-02-06,4566
2015-02-09,4481
2015-02-10,4491
2015-02-11,4511
2015-02-12,4498
2015-02-13,4473
2015-02-16,4469
2015-02-17,4498
2015-02-18,4418
2015-02-23,4462
2015-02-24,4450
2015-02-25,4442
2015-02-26,4419
2015-02-27,4437
2015-03-02,4496
2015-03-03,4474
2015-03-04,4454
2015-03-05,4474
2015-03-06,4476
2015-03-09,4388
2015-03-10,4386
2015-03-11,4405
2015-03-12,4351
2015-03-13,4346
2015-03-16,4359
2015-03-17,4354
2015-03-18,4330
2015-03-19,4368
2015-03-20,4429
2015-03-23,4463
2015-03-24,4440
2015-03-25,4439
2015-03-26,4480
2015-03-27,4501
2015-03-30,4504
2015-03-31,4492
2015-04-01,4459
2015-04-02,4515
2015-04-03,4481
2015-04-06,4518
2015-04-07,4503
2015-04-08,4488
2015-04-09,4448
2015-04-10,4431
2015-04-13,4522
2015-04-14,4521
2015-04-15,4499
2015-04-16,4514
2015-04-17,4443
2015-04-20,4462
2015-04-21,4428
2015-04-22,4448
2015-04-23,4379
2015-04-24,4382
2015-04-27,4289
2015-04-28,4340
2015-04-29,4385
2015-04-30,4355
2015-05-05,4351
2015-05-06,4367
2015-05-07,4331
2015-05-08,4342
2015-05-11,4346
2015-05-12,4357
2015-05-13,4377
2015-05-14,4435
2015-05-15,4437
2015-05-18,4439
2015-05-19,4468
2015-05-20,4448
2015-05-21,4442
2015-05-22,4424
2015-05-25,4422
2015-05-26,4444
2015-05-27,4402
2015-05-28,4412
2015-05-29,4416
2015-06-01,4442
2015-06-02,4477
2015-06-03,4481
2015-06-04,4460
2015-06-05,4454
2015-06-08,4480
2015-06-09,4491
2015-06-10,4490
2015-06-11,4504
2015-06-12,4501
2015-06-15,4524
2015-06-16,4535
2015-06-17,4509
2015-06-18,4513
2015-06-19,4543
2015-06-22,4555
2015-06-23,4521
2015-06-24,4499
2015-06-25,4509
2015-06-26,4503
2015-06-29,4564
2015-06-30,4530
2015-07-01,4478
2015-07-02,4486
2015-07-03,4463
2015-07-06,4532
2015-07-07,4543
2015-07-08,4474
2015-07-09,4483
2015-07-10,4472
2015-07-13,4495
2015-07-14,4487
2015-07-15,4480
2015-07-16,4452
2015-07-20,4388
2015-07-21,4268
2015-07-22,4251
2015-07-23,4244
2015-07-24,4228
2015-07-27,4258
2015-07-28,4246
2015-07-29,4255
2015-07-30,4265
2015-07-31,4232
2015-08-03,4259
2015-08-04,4271
2015-08-05,4288
2015-08-06,4295
2015-08-07,4341
2015-08-10,4366
2015-08-11,4423
2015-08-12,4494
2015-08-13,4591
2015-08-14,4577
2015-08-17,4646
2015-08-18,4675
2015-08-19,4654
2015-08-20,4715
2015-08-21,4850
2015-08-24,5011
2015-08-25,5013
2015-08-26,5013
2015-08-27,4854
2015-08-28,4825
2015-09-01,4844
2015-09-02,4853
2015-09-03,4857
2015-09-04,4859
2015-09-07,4906
2015-09-08,4956
2015-09-09,4929
2015-09-10,4936
2015-09-11,4874
2015-09-14,4838
2015-09-15,4855
2015-09-17,4847
2015-09-18,4868
2015-09-21,4902
2015-09-22,4924
2015-09-23,4937
2015-09-25,5112
2015-09-28,5136
2015-09-29,5132
2015-09-30,5106
2015-10-01,5004
2015-10-02,5012
2015-10-05,5097
2015-10-06,5053
2015-10-07,5062
2015-10-08,4903
2015-10-09,4821
2015-10-12,4888
2015-10-13,4951
2015-10-15,4981
2015-10-16,4980
2015-10-19,5032
2015-10-20,5100
2015-10-21,5130
2015-10-22,5095
2015-10-23,5064
2015-10-26,5022
2015-10-27,5007
2015-10-28,5082
2015-10-29,5067
2015-10-30,5030
2015-11-02,4994
2015-11-03,4955
2015-11-04,4866
2015-11-05,4845
2015-11-06,4836
2015-11-09,4825
2015-11-11,4832
2015-11-12,4820
2015-11-13,4836
2015-11-16,4875
2015-11-17,4833
2015-11-18,4780
2015-11-19,4771
2015-11-20,4755
2015-11-23,4694
2015-11-24,4677
2015-11-25,4607
2015-11-26,4596
2015-11-27,4609
2015-11-30,4606
2015-12-01,4614
2015-12-02,4599
2015-12-03,4560
2015-12-04,4546
2015-12-07,4657
2015-12-08,4642
2015-12-09,4671
2015-12-10,4657
2015-12-11,4646
2015-12-14,4719
2015-12-15,4695
2015-12-16,4657
2015-12-17,4695
2015-12-18,4639
2015-12-21,4648
2015-12-22,4723
2015-12-23,4703
2015-12-28,4716
2015-12-29,4673
2015-12-30,4664
2015-12-31,4646
2016-01-04,4658
2016-01-05,4764
2016-01-06,4776
2016-01-07,4909
2016-01-08,4956
2016-01-11,4972
2016-01-12,4904
2016-01-13,4857
2016-01-14,4907
2016-01-15,4802
2016-01-18,4898
2016-01-19,4881
2016-01-20,4881
2016-01-21,4893
2016-01-22,4880
2016-01-26,4849
2016-01-27,4866
2016-01-28,4880
2016-01-29,4736
2016-02-02,4790
2016-02-04,4836
2016-02-05,4843
2016-02-10,5052
2016-02-11,5060
2016-02-12,5243
2016-02-15,5215
2016-02-16,5079
2016-02-17,5130
2016-02-18,5132
2016-02-19,5235
2016-02-22,5257
2016-02-23,5148
2016-02-24,5279
2016-02-25,5265
2016-02-26,5270
2016-02-29,5255
2016-03-01,5295
2016-03-02,5218
2016-03-03,5231
2016-03-04,5300
2016-03-07,5266
2016-03-08,5278
2016-03-09,5317
2016-03-10,5245
2016-03-11,5333
2016-03-14,5218
2016-03-15,5171
2016-03-16,5208
2016-03-17,5253
2016-03-18,5176
2016-03-21,5193
2016-03-22,5153
2016-03-23,5088
2016-03-24,5008
2016-03-25,4982
2016-03-28,4992
2016-03-29,4984
2016-03-30,5009
2016-03-31,4911
2016-04-01,4882
2016-04-04,4827
2016-04-05,4851
2016-04-06,4914
2016-04-07,4839
2016-04-08,4962
2016-04-11,4930
2016-04-12,4972
2016-04-13,4925
2016-04-14,4900
2016-04-15,4871
2016-04-18,4988
2016-04-19,4876
2016-04-20,4913
2016-04-21,4923
2016-04-22,4974
2016-04-25,4914
2016-04-26,4929
2016-04-27,4967
2016-04-28,4943
2016-04-29,5009
2016-05-03,5138
2016-05-04,5203
2016-05-05,5234
2016-05-06,5208
2016-05-09,5245
2016-05-10,5195
2016-05-11,5211
2016-05-12,5245
2016-05-13,5198
2016-05-16,5239
2016-05-17,5219
2016-05-18,5239
2016-05-19,5223
2016-05-20,5220
2016-05-23,5193
2016-05-24,5197
2016-05-25,5133
2016-05-26,5100
2016-05-27,5065
2016-05-30,5031
2016-05-31,5072
2016-06-01,5105
2016-06-02,5124
2016-06-03,5108
2016-06-06,5194
2016-06-07,5164
2016-06-08,5148
2016-06-09,5189
2016-06-10,5228
2016-06-13,5334
2016-06-14,5339
2016-06-15,5372
2016-06-16,5383
2016-06-17,5346
2016-06-20,5360
2016-06-21,5348
2016-06-22,5185
2016-06-23,5171
2016-06-24,5151
2016-06-27,5556
2016-06-28,5544
2016-06-29,5437
2016-06-30,5380
2016-07-01,5386
2016-07-04,5466
2016-07-05,5497
2016-07-08,5585
2016-07-11,5579
2016-07-12,5517
2016-07-13,5392
2016-07-14,5439
2016-07-15,5359
2016-07-18,5399
2016-07-19,5387
2016-07-20,5453
2016-07-21,5386
2016-07-22,5495
2016-07-25,5474
2016-07-26,5482
2016-07-27,5445
2016-07-28,5533
2016-07-29,5525
2016-08-01,5546
2016-08-02,5572
2016-08-03,5631
2016-08-04,5589
2016-08-05,5585
2016-08-08,5488
2016-08-09,5481
2016-08-10,5501
2016-08-11,5487
2016-08-12,5436
2016-08-15,5486
2016-08-16,5458
2016-08-17,5477
2016-08-18,5508
2016-08-19,5478
2016-08-22,5474
2016-08-23,5490
2016-08-24,5497
2016-08-25,5461
2016-08-26,5408
2016-08-29,5437
2016-08-30,5446
2016-09-01,5437
2016-09-02,5469
2016-09-05,5505
2016-09-06,5497
2016-09-07,5581
2016-09-08,5560
2016-09-09,5539
2016-09-13,5527
2016-09-14,5553
2016-09-15,5557
2016-09-19,5525
2016-09-20,5533
2016-09-21,5541
2016-09-22,5581
2016-09-23,5600
2016-09-26,5616
2016-09-27,5641
2016-09-28,5585
2016-09-29,5545
2016-09-30,5573
2016-10-04,5510
2016-10-05,5361
2016-10-06,5348
2016-10-07,5308
2016-10-10,5332
2016-10-11,5300
2016-10-12,5353
2016-10-13,5356
2016-10-14,5391
2016-10-17,5374
2016-10-18,5384
2016-10-19,5397
2016-10-20,5398
2016-10-21,5388
2016-10-24,5400
2016-10-25,5375
2016-10-26,5386
2016-10-27,5371
2016-10-28,5428
2016-10-31,5467
2016-11-01,5461
2016-11-02,5493
2016-11-03,5531
2016-11-04,5557
2016-11-07,5526
2016-11-08,5495
2016-11-09,5451
2016-11-10,5514
2016-11-11,5478
2016-11-14,5351
2016-11-15,5410
2016-11-16,5424
2016-11-17,5435
2016-11-18,5435
2016-11-21,5428
2016-11-22,5471
2016-11-23,5452
2016-11-24,5383
2016-11-25,5361
2016-11-28,5379
2016-11-29,5425
2016-11-30,5414
2016-12-01,5337
2016-12-02,5325
2016-12-05,5337
2016-12-06,5307
2016-12-07,5282
2016-12-08,5306
2016-12-09,5262
2016-12-13,5246
2016-12-14,5229
2016-12-15,5167
2016-12-16,5131
2016-12-19,5183
2016-12-20,5188
2016-12-21,5161
2016-12-22,5159
2016-12-23,5150
2016-12-27,5165
2016-12-28,5199
2016-12-29,5223
2016-12-30,5304
2017-01-03,5256
2017-01-04,5296
2017-01-05,5351
2017-01-06,5384
2017-01-09,5354
2017-01-10,5391
2017-01-11,5415
2017-01-12,5435
2017-01-13,5427
2017-01-16,5468
2017-01-17,5481
2017-01-18,5500
2017-01-19,5460
2017-01-20,5455
2017-01-23,5500
2017-01-24,5498
2017-01-25,5461
2017-01-26,5419
2017-01-27,5358
2017-01-31,5406
2017-02-02,5469
2017-02-03,5474
2017-02-06,5501
2017-02-07,5566
2017-02-08,5568
2017-02-10,5548
2017-02-13,5567
2017-02-14,5558
2017-02-15,5562
2017-02-16,5584
2017-02-17,5617
2017-02-20,5608
2017-02-21,5617
2017-02-22,5611
2017-02-23,5603
2017-02-24,5652
2017-02-27,5683
2017-02-28,5663
2017-03-01,5637
2017-03-02,5653
2017-03-03,5597
2017-03-06,5608
2017-03-07,5558
2017-03-08,5512
2017-03-09,5488
2017-03-10,5449
2017-03-13,5468
2017-03-14,5447
2017-03-15,5432
2017-03-16,5514
2017-03-17,5533
2017-03-20,5561
2017-03-21,5569
2017-03-22,5620
2017-03-23,5617
2017-03-24,5618
2017-03-27,5641
2017-03-28,5632
2017-03-29,5627
2017-03-30,5635
2017-03-31,5603
2017-04-03,5628
2017-04-04,5663
2017-04-05,5668
2017-04-06,5679
2017-04-07,5654
2017-04-10,5669
2017-04-11,5677
2017-04-12,5764
2017-04-13,5800
2017-04-14,5783
2017-04-17,5809
2017-04-18,5756
2017-04-19,5785
2017-04-20,5739
2017-04-21,5740
2017-04-25,5713
2017-04-26,5614
2017-04-27,5610
2017-04-28,5595
2017-05-02,5551
2017-05-03,5525
2017-05-04,5453
2017-05-05,5422
2017-05-08,5444
2017-05-09,5430
2017-05-11,5399
2017-05-12,5424
2017-05-15,5431
2017-05-16,5419
2017-05-17,5468
2017-05-18,5545
2017-05-19,5512
2017-05-22,5530
2017-05-23,5534
2017-05-24,5491
2017-05-25,5486
2017-05-26,5474
2017-05-29,5522
2017-05-30,5525
2017-05-31,5511
2017-06-01,5541
2017-06-02,5527
2017-06-05,5572
2017-06-06,5558
2017-06-07,5625
2017-06-08,5591
2017-06-09,5566
2017-06-13,5506
2017-06-14,5508
2017-06-15,5476
2017-06-16,5466
2017-06-19,5468
2017-06-20,5429
2017-06-21,5443
2017-06-22,5457
2017-06-28,5457
2017-06-29,5473
2017-06-30,5450
2017-07-03,5434
2017-07-04,5367
2017-07-05,5379
2017-07-06,5370
2017-07-07,5354
2017-07-10,5318
2017-07-11,5316
2017-07-12,5337
2017-07-13,5328
2017-07-14,5318
2017-07-17,5375
2017-07-18,5394
2017-07-19,5432
2017-07-20,5427
2017-07-21,5439
2017-07-24,5486
2017-07-25,5471
2017-07-26,5446
2017-07-27,5506
2017-07-28,5497
2017-07-31,5540
2017-08-01,5533
2017-08-02,5539
2017-08-03,5519
2017-08-04,5535
2017-08-07,5492
2017-08-08,5492
2017-08-09,5526
2017-08-10,5576
2017-08-11,5630
2017-08-14,5634
2017-08-15,5599
2017-08-16,5576
2017-08-17,5623
2017-08-18,5642
2017-08-21,5620
2017-08-22,5635
2017-08-23,5608
2017-08-24,5628
2017-08-25,5611
2017-08-28,5625
2017-08-29,5733
2017-08-30,5697
2017-09-05,5804
2017-09-06,5812
2017-09-07,5745
2017-09-08,5775
2017-09-11,5721
2017-09-12,5683
2017-09-13,5713
2017-09-14,5652
2017-09-18,5628
2017-09-19,5592
2017-09-20,5604
2017-09-21,5547
2017-09-25,5524
2017-09-26,5524
2017-09-27,5554
2017-09-28,5524
2017-09-29,5548
2017-10-02,5504
2017-10-03,5490
2017-10-04,2489
2017-10-05,5491
2017-10-06,5472
2017-10-09,5509
2017-10-10,5536
2017-10-11,5545
2017-10-12,5557
2017-10-13,5566
2017-10-16,5602
2017-10-17,5567
2017-10-19,5519
2017-10-20,5557
2017-10-23,5499
2017-10-24,5537
2017-10-25,5511
2017-10-26,5517
2017-10-27,5478
2017-10-30,5502
2017-10-31,5511
2017-11-01,5479
2017-11-02,5507
2017-11-03,5514
2017-11-06,5493
2017-11-07,5517
2017-11-08,5506
2017-11-09,5524
2017-11-10,5502
2017-11-13,5454
2017-11-14,5462
2017-11-15,5462
2017-11-16,5445
2017-11-17,5502
2017-11-20,5484
2017-11-21,5415
2017-11-22,5401
2017-11-23,5396
2017-11-24,5410
2017-11-27,5407
2017-11-28,5436
2017-11-29,5416
2017-11-30,5351
2017-12-04,5318
2017-12-05,5273
2017-12-06,5248
2017-12-07,5258
2017-12-08,5199
2017-12-11,5205
2017-12-12,5165
2017-12-13,5172
2017-12-14,5206
2017-12-15,5218
2017-12-18,5225
2017-12-19,5248
2017-12-20,5252
2017-12-21,5250
2017-12-22,5265
2017-12-26,5294
2017-12-27,5337
2017-12-28,5358
2017-12-29,5365
2018-01-03,5415
2018-01-04,5362
2018-01-05,5391
2018-01-08,5371
2018-01-09,5377
2018-01-10,5359
2018-01-11,5381
2018-01-12,5369
2018-01-15,5403
2018-01-16,5409
2018-01-17,5395
2018-01-18,5366
2018-01-19,5340
2018-01-22,5353
2018-01-23,5345
2018-01-24,5360
2018-01-25,5398
2018-01-26,5349
2018-01-30,5313
2018-02-01,5351
2018-02-02,5340
2018-02-05,5299
2018-02-06,5339
2018-02-07,5284
2018-02-08,5264
2018-02-09,5301
2018-02-12,5281
2018-02-13,5306
2018-02-14,5349
2018-02-15,5375
2018-02-19,5357
2018-02-20,5347
2018-02-21,5298
2018-02-22,5292
2018-02-23,5301
2018-02-26,5300
2018-02-27,5302
2018-02-28,5269
2018-03-01,5274
2018-03-02,5265
2018-03-05,5264
2018-03-06,5254
2018-03-07,5317
2018-03-08,5272
2018-03-09,5267
2018-03-12,5263
2018-03-13,5268
2018-03-14,5260
2018-03-15,5271
2018-03-16,5270
2018-03-19,5237
2018-03-20,5253
2018-03-21,5241
2018-03-22,5304
2018-03-23,5315
2018-03-26,5384
2018-03-27,5359
2018-03-28,5308
2018-03-29,5222
2018-03-30,5229
2018-04-02,5219
2018-04-03,5285
2018-04-04,5250
2018-04-05,5250
2018-04-06,5247
2018-04-09,5253
2018-04-10,5268
2018-04-11,5290
2018-04-12,5340
2018-04-13,5289
2018-04-16,5320
2018-04-17,5337
2018-04-18,5334
2018-04-19,5353
2018-04-20,5334
2018-04-23,5297
2018-04-24,5271
2018-04-25,5299
2018-04-26,5285
2018-04-27,5267
2018-04-30,5288
2018-05-02,5233
2018-05-03,5245
2018-05-04,5266
2018-05-07,5283
2018-05-08,5293
2018-05-14,5361
2018-05-15,5298
2018-05-16,5223
2018-05-17,5225
2018-05-18,5227
2018-05-21,5223
2018-05-22,5240
2018-05-23,5241
2018-05-24,5256
2018-05-25,5285
2018-05-28,5272
2018-05-30,5285
2018-05-31,5293
2018-06-01,5270
2018-06-04,5247
2018-06-05,5234
2018-06-06,5254
2018-06-07,5252
2018-06-08,5267
2018-06-11,5274
2018-06-12,5282
2018-06-13,5273
2018-06-14,5292
2018-06-18,5222
2018-06-19,5221
2018-06-20,5193
2018-06-21,5184
2018-06-22,5186
2018-06-25,5192
2018-06-26,5191
2018-06-27,5164
2018-06-28,5159
2018-06-29,5150
2018-07-02,5153
2018-07-03,5121
2018-07-04,5183
2018-07-05,5183
2018-07-06,5185
2018-07-09,5170
2018-07-10,5162
2018-07-11,5161
2018-07-12,5123
2018-07-13,5137
2018-07-16,5124
2018-07-17,5114
2018-07-18,5074
2018-07-19,5076
2018-07-20,5068
2018-07-23,5090
2018-07-24,5069
2018-07-25,5075
2018-07-26,5091
2018-07-27,5077
2018-07-30,5065
2018-07-31,5057
2018-08-01,5074
2018-08-02,5050
2018-08-03,5030
2018-08-06,5046
2018-08-07,5033
2018-08-08,5034
2018-08-09,5043
2018-08-10,5050
2018-08-13,5052
2018-08-14,4981
2018-08-15,4988
2018-08-16,4906
2018-08-17,4906
2018-08-20,4949
2018-08-21,4978
2018-08-23,4978
2018-08-24,4961
2018-08-27,5036
2018-08-28,5059
2018-08-29,5033
2018-08-30,5045
2018-09-03,5035
2018-09-04,5061
2018-09-05,5033
2018-09-06,5066
2018-09-07,5076
2018-09-12,5065
2018-09-13,5094
2018-09-14,5080
2018-09-18,5068
2018-09-19,5067
2018-09-20,5082
2018-09-21,5089
2018-09-24,5051
2018-09-25,5055
2018-09-26,5067
2018-09-27,5054
2018-09-28,5001
2018-10-01,5023
2018-10-02,5023
2018-10-03,5096
2018-10-04,5067
2018-10-05,5065
2018-10-08,5091
2018-10-09,5044
2018-10-10,5037
2018-10-11,5060
2018-10-12,5167
2018-10-15,5172
2018-10-16,5202
2018-10-17,5184
2018-10-18,5181
2018-10-19,5203
2018-10-22,5206
2018-10-23,5189
2018-10-24,5229
2018-10-25,5251
2018-10-26,5241
2018-10-29,5244
2018-10-30,5240
2018-10-31,5210
2018-11-01,5192
2018-11-05,5244
2018-11-07,5224
2018-11-08,5206
2018-11-09,5202
2018-11-12,5164
2018-11-13,5139
2018-11-14,5136
2018-11-15,5176
2018-11-16,5185
2018-11-19,5216
2018-11-21,5222
2018-11-22,5243
2018-11-23,5252
2018-11-26,5238
2018-11-27,5224
2018-11-28,5192
2018-11-29,5222
2018-11-30,5227
2018-12-03,5204
2018-12-04,5229
2018-12-05,5242
2018-12-06,5247
2018-12-07,5258
2018-12-10,5304
2018-12-11,5300
2018-12-12,5305
2018-12-13,5313
2018-12-14,5294
2018-12-17,5285
2018-12-18,5311
2018-12-19,5326
2018-12-20,5310
2018-12-21,5375
2018-12-24,5376
2018-12-26,5401
2018-12-27,5407
2018-12-28,5409
2018-12-31,5411
2019-01-02,5401
2019-01-03,5438
2019-01-04,5467
2019-01-07,5396
2019-01-08,5401
2019-01-09,5389
2019-01-10,5406
2019-01-11,5379
2019-01-14,5382
2019-01-15,5397
2019-01-16,5398
2019-01-17,5420
2019-01-18,5409
2019-01-22,5375
2019-01-23,5411
2019-01-24,5410
2019-01-25,5410
2019-01-28,5450
2019-01-29,5463
2019-01-30,5495
2019-01-31,5508
2019-02-04,5509
2019-02-07,5465
2019-02-08,5447
2019-02-11,5448
2019-02-12,5437
2019-02-13,5438
2019-02-14,5428
2019-02-15,5452
2019-02-18,5486
2019-02-19,5520
2019-02-20,5559
2019-02-21,5559
2019-02-22,5512
2019-02-25,5507
2019-02-26,5505
2019-02-27,5510
2019-02-28,5480
2019-03-01,5456
2019-03-04,5371
2019-03-05,5344
2019-03-06,5363
2019-03-07,5370
2019-03-08,5371
2019-03-11,5407
2019-03-12,5383
2019-03-13,5419
2019-03-14,5453
2019-03-15,5403
2019-03-18,5419
2019-03-19,5423
2019-03-20,5431
2019-03-21,5437
2019-03-22,5417
2019-03-25,5439
2019-03-26,5480
2019-03-27,5473
2019-03-28,5441
2019-03-29,5371
2019-04-01,5371
2019-04-02,5364
2019-04-03,5376
2019-04-04,5376
2019-04-05,5377
2019-04-08,5380
2019-04-09,5419
2019-04-10,5448
2019-04-11,5475
2019-04-12,5433
2019-04-15,5401
2019-04-16,5396
2019-04-17,5375
2019-04-18,5372
2019-04-19,5391
2019-04-22,5384
2019-04-23,5370
2019-04-24,5356
2019-04-25,5372
2019-04-26,5392
2019-04-29,5415
2019-04-30,5396
2019-05-02,5384
2019-05-03,5384
2019-05-06,5428
2019-05-07,5428
2019-05-08,5437
2019-05-09,5421
2019-05-10,5421
2019-05-13,5462
2019-05-14,5540
2019-05-15,5521
2019-05-16,5516
2019-05-17,5470
2019-05-21,5429
2019-05-23,5443
2019-05-24,5485
2019-05-27,5480
2019-05-28,5492
2019-05-29,5476
2019-05-30,5470
2019-05-31,5521
2019-06-03,5597
2019-06-04,5645
2019-06-07,5667
2019-06-10,5659
2019-06-11,5638
2019-06-12,5632
2019-06-13,5663
2019-06-14,5710
2019-06-17,5695
2019-06-18,5703
2019-06-19,5728
2019-06-20,5775
2019-06-21,5893
2019-06-24,5951
2019-06-25,6021
2019-06-26,6004
2019-06-27,5971
2019-06-28,5977
2019-07-01,5856
2019-07-02,5847
2019-07-03,6025
2019-07-04,5994
2019-07-05,5978
2019-07-08,5899
2019-07-09,5888
2019-07-10,5887
2019-07-11,6001
2019-07-12,5901
2019-07-15,5940
2019-07-16,5936
2019-07-17,5889
2019-07-18,5978
2019-07-19,6043
2019-07-22,5982
2019-07-23,5970
2019-07-24,5955
2019-07-25,5982
2019-07-26,5947
2019-07-29,5961
2019-07-31,6018
2019-08-01,5950
2019-08-02,6094
2019-08-05,6112
2019-08-06,6290
2019-08-07,6314
2019-08-08,6425
2019-08-09,6415
2019-08-13,6465
2019-08-14,6410
2019-08-15,6491
2019-08-16,6522
2019-08-19,6425
2019-08-20,6381
2019-08-21,6421
2019-08-22,6401
2019-08-23,6393
2019-08-26,6632
2019-08-27,6554
2019-08-28,6618
2019-08-29,6611
2019-08-30,6554
2019-09-03,6563
2019-09-04,6654
2019-09-05,6620
2019-09-06,6490
2019-09-10,6354
2019-09-11,6331
2019-09-12,6354
2019-09-13,6366
2019-09-17,6367
2019-09-18,6395
2019-09-19,6374
2019-09-20,6409
2019-09-23,6444
2019-09-24,6476
2019-09-25,6537
2019-09-26,6451
2019-09-27,6432
2019-09-30,6393
2019-10-01,6295
2019-10-02,6322
2019-10-03,6403
2019-10-04,6429
2019-10-07,6436
2019-10-08,6373
2019-10-09,6453
2019-10-10,6462
2019-10-11,6377
2019-10-14,6328
2019-10-15,6364
2019-10-16,6336
2019-10-17,6366
2019-10-18,6360
2019-10-21,6361
2019-10-22,6327
2019-10-23,6368
2019-10-24,6372
2019-10-25,6418
2019-10-29,6364
2019-10-30,6348
2019-10-31,6366
2019-11-01,6444
2019-11-04,6418
2019-11-05,6374
2019-11-06,6256
2019-11-07,6301
2019-11-08,6165
2019-11-11,6162
2019-11-12,6153
2019-11-13,6167
2019-11-14,6199
2019-11-15,6222
2019-11-18,6218
2019-11-19,6254
2019-11-20,6249
2019-11-21,6272
2019-11-22,6223
2019-11-25,6217
2019-11-26,6192
2019-11-27,6222
2019-11-28,6197
2019-11-29,6194
2019-12-02,6219
2019-12-03,6221
2019-12-04,6297
2019-12-05,6277
2019-12-06,6267
2019-12-09,6198
2019-12-10,6196
2019-12-12,6207
2019-12-13,6182
2019-12-16,6226
2019-12-17,6235
2019-12-18,6231
2019-12-19,6227
2019-12-20,6241
2019-12-23,6242
2019-12-24,6276
2019-12-26,6321
2019-12-27,6368
2019-12-30,6364
2019-12-31,6338
2020-01-02,6334
2020-01-03,6378
2020-01-06,6559
2020-01-07,6538
2020-01-08,6700
2020-01-09,6485
2020-01-10,6471
2020-01-13,6473
2020-01-14,6379
2020-01-15,6446
2020-01-16,6462
2020-01-17,6433
2020-01-20,6444
2020-01-21,6466
2020-01-22,6469
2020-01-23,6474
2020-01-24,6479
2020-01-28,6572
2020-01-29,6526
2020-01-30,6565
2020-01-31,6565
2020-02-03,6647
2020-02-04,6624
2020-02-05,6506
2020-02-06,6534
2020-02-07,6592
2020-02-10,6653
2020-02-11,6640
2020-02-12,6604
2020-02-13,6632
2020-02-14,6664
2020-02-17,6689
2020-02-18,6697
2020-02-19,6776
2020-02-20,6837
2020-02-21,6919
2020-02-24,7152
2020-02-25,7079
2020-02-26,7082
2020-02-27,7091
2020-02-28,7062
2020-03-02,6815
2020-03-03,6820
2020-03-04,7028
2020-03-05,6972
2020-03-06,7109
2020-03-09,7262
2020-03-10,7186
2020-03-11,7159
2020-03-12,7121
2020-03-13,6898
2020-03-16,6798
2020-03-17,6655
2020-03-18,6829
2020-03-19,6662
2020-03-20,6634
2020-03-23,6723
2020-03-24,7074
2020-03-25,7400
2020-03-26,7221
2020-03-27,7150
2020-03-30,7180
2020-03-31,7142
2020-04-01,6933
2020-04-02,7098
2020-04-03,7168
2020-04-06,7230
2020-04-07,7363
2020-04-08,7308
2020-04-09,7288
2020-04-10,7409
2020-04-13,7431
2020-04-14,7577
2020-04-15,7615
2020-04-16,7613
2020-04-17,7621
2020-04-20,7464
2020-04-21,7553
2020-04-22,7558
2020-04-23,7619
2020-04-24,7680
2020-04-27,7667
2020-04-28,7595
2020-04-29,7585
2020-04-30,7574
2020-05-04,7530
2020-05-05,7479
2020-05-06,7471
2020-05-08,7511
2020-05-11,8057
2020-05-12,7521
2020-05-13,7545
2020-05-14,7605
2020-05-15,7660
2020-05-18,7807
2020-05-19,7683
2020-05-20,7741
2020-05-21,7757
2020-05-22,7668
2020-05-27,7591
2020-05-28,7595
2020-05-29,7637
2020-06-01,7695
2020-06-02,7644
2020-06-03,7492
2020-06-04,7387
2020-06-05,7454
2020-06-09,7350
2020-06-10,7475
2020-06-11,7523
2020-06-12,7534
2020-06-15,7549
2020-06-16,7499
2020-06-17,7530
2020-06-18,7534
2020-06-19,7525
2020-06-22,7634
2020-06-23,7645
2020-06-24,7722
2020-06-25,7693
2020-06-26,7698
2020-06-29,7757
2020-06-30,7739
2020-07-01,7780
2020-07-02,7726
2020-07-03,7760
2020-07-06,7757
2020-07-07,7782
2020-07-08,7827
2020-07-09,7861
2020-07-10,7843
2020-07-13,7829
2020-07-14,7834
2020-07-15,7871
2020-07-16,7879
2020-07-17,7834
2020-07-20,7864
2020-07-21,7888
2020-07-22,7993
2020-07-23,8128
2020-07-24,8180
2020-07-27,8326
2020-07-28,8506
2020-07-29,8485
2020-07-30,8501
2020-08-03,8565
2020-08-04,8505
2020-08-05,8707
2020-08-06,8699
2020-08-07,8831
2020-08-10,8692
2020-08-11,8671
2020-08-12,8200
2020-08-13,8241
2020-08-14,8367
2020-08-17,8273
2020-08-18,8468
2020-08-19,8538
2020-08-21,8321
2020-08-25,8218
2020-08-26,8195
2020-08-27,8295
2020-08-28,8194
2020-08-31,8352
2020-09-01,8352
2020-09-02,8338
2020-09-03,8219
2020-09-04,8178
2020-09-07,8186
2020-09-08,8172
2020-09-09,8216
2020-09-10,8262
2020-09-11,8217
2020-09-14,8228
2020-09-15,8265
2020-09-17,8251
2020-09-18,8213
2020-09-21,8188
2020-09-22,8072
2020-09-23,8022
2020-09-24,7894
2020-09-25,7926
2020-09-28,7911
2020-09-29,8004
2020-09-30,8025
2020-10-01,7984
2020-10-02,8063
2020-10-05,8057
2020-10-06,8096
2020-10-07,7967
2020-10-08,7986
2020-10-09,8038
2020-10-12,8128
2020-10-13,8124
2020-10-14,8003
2020-10-15,8031
2020-10-16,8031
2020-10-19,8031
2020-10-20,8035
2020-10-21,8086
2020-10-22,8118
2020-10-23,8047
2020-10-26,8044
2020-10-27,8086
2020-10-28,8087
2020-10-30,7915
2020-11-02,7957
2020-11-03,8022
2020-11-04,8100
2020-11-05,8057
2020-11-06,8096
2020-11-09,8217
2020-11-10,7860
2020-11-11,7889
2020-11-12,7850
2020-11-13,7904
2020-11-16,7935
2020-11-17,7918
2020-11-18,7862
2020-11-19,7819
2020-11-20,7781
2020-11-23,7810
2020-11-24,7651
2020-11-25,7530
2020-11-26,7539
2020-11-27,7506
2020-11-30,7411
2020-12-01,7395
2020-12-02,7527
2020-12-03,7596
2020-12-04,7621
2020-12-07,7630
2020-12-08,7738
2020-12-09,7760
2020-12-10,7619
2020-12-11,7599
2020-12-14,7557
2020-12-15,7553
2020-12-16,7646
2020-12-17,7698
2020-12-18,7753
2020-12-21,7776
2020-12-22,7760
2020-12-23,7712
2020-12-24,7749
2020-12-28,7818
2020-12-29,7759
2020-12-30,7757
2020-12-31,7792
2021-01-04,7819
2021-01-05,7940
2021-01-06,7965
2021-01-07,7873
2021-01-08,7901
2021-01-11,7608
2021-01-12,7618
2021-01-13,7672
2021-01-14,7613
2021-01-15,7602
2021-01-18,7486
2021-01-19,7577
2021-01-20,7604
2021-01-21,7700
2021-01-22,7687
2021-01-25,7656
2021-01-26,7644
2021-01-27,7625
2021-01-29,7612
2021-02-01,7625
2021-02-02,7664
2021-02-03,7580
2021-02-04,7578
2021-02-05,7433
2021-02-08,7520
2021-02-09,7583
2021-02-10,7576
2021-02-11,7593
2021-02-15,7503
2021-02-16,7487
2021-02-17,7374
2021-02-18,7315
2021-02-19,7294
2021-02-22,7351
2021-02-23,7455
2021-02-24,7443
2021-02-25,7431
2021-02-26,7312
2021-03-01,7195
2021-03-02,7118
2021-03-03,7180
2021-03-04,7071
2021-03-05,7008
2021-03-08,7082
2021-03-09,7060
2021-03-10,7206
2021-03-11,7251
2021-03-12,7218
2021-03-15,7248
2021-03-16,7261
2021-03-17,7265
2021-03-18,7334
2021-03-19,7282
2021-03-22,7296
2021-03-23,7291
2021-03-24,7277
2021-03-25,7316
2021-03-26,7311
2021-03-29,7320
2021-03-30,7225
2021-03-31,7130
2021-04-01,7220
2021-04-02,7309
2021-04-05,7295
2021-04-06,7290
2021-04-07,7330
2021-04-08,7320
2021-04-09,7390
2021-04-12,7341
2021-04-13,7294
2021-04-14,7353
2021-04-15,7308
2021-04-16,7425
2021-04-19,7483
2021-04-20,7450
2021-04-21,7468
2021-04-22,7530
2021-04-23,7485
2021-04-26,7442
2021-04-27,7447
2021-04-28,7411
2021-04-30,7402
2021-05-03,7390
2021-05-04,7493
2021-05-05,7471
2021-05-06,7495
2021-05-10,7658
2021-05-11,7691
2021-05-12,7712
2021-05-17,7775
2021-05-18,7867
2021-05-19,7861
2021-05-20,7896
2021-05-21,7918
2021-05-24,7947
2021-05-25,7927
2021-05-27,8005
2021-05-28,8010
2021-05-31,8045
2021-06-01,8020
2021-06-02,7985
2021-06-03,8015
2021-06-04,7877
2021-06-08,7984
2021-06-09,7964
2021-06-10,7921
2021-06-11,7971
2021-06-14,7849
2021-06-15,7826
2021-06-16,7798
2021-06-17,7669
2021-06-18,7509
2021-06-21,7481
2021-06-22,7536
2021-06-23,7522
2021-06-24,7539
2021-06-25,7527
2021-06-29,7515
2021-06-30,7456
2021-07-01,7488
2021-07-05,7559
2021-07-06,7596
2021-07-07,7618
2021-07-08,7663
2021-07-09,7691
2021-07-12,7707
2021-07-13,7726
2021-07-14,7735
2021-07-16,7842
2021-07-19,7790
2021-07-21,7794
2021-07-22,7768
2021-07-23,7783
2021-07-26,7757
2021-07-27,7748
2021-07-29,7797
2021-07-30,7888
2021-08-02,7811
2021-08-03,7804
2021-08-04,7809
2021-08-05,7800
2021-08-06,7746
2021-08-09,7415
2021-08-11,7453
2021-08-12,7570
2021-08-13,7571
2021-08-16,7686
2021-08-17,7718
2021-08-18,7727
2021-08-19,7717
2021-08-20,7693
2021-08-23,7670
2021-08-24,7763
2021-08-25,7740
2021-08-26,7676
2021-08-27,7672
2021-08-30,7747
2021-09-01,7676
2021-09-02,7678
2021-09-03,7657
2021-09-06,7715
2021-09-07,7719
2021-09-08,7620
2021-09-09,7576
2021-09-10,7594
2021-09-13,7546
2021-09-14,7582
2021-09-15,7654
2021-09-20,7477
2021-09-21,7542
2021-09-22,7580
2021-09-24,7442
2021-09-27,7476
2021-09-28,7475
2021-09-29,7406
2021-09-30,7394
2021-10-01,7467
2021-10-04,7507
2021-10-05,7520
2021-10-06,7490
2021-10-07,7515
2021-10-08,7478
2021-10-11,7473
2021-10-12,7451
2021-10-13,7485
2021-10-14,7583
2021-10-15,7608
2021-10-18,7504
2021-10-20,7494
2021-10-21,7552
2021-10-22,7565
2021-10-25,7595
2021-10-26,7648
2021-10-27,7589
2021-10-28,7600
2021-10-29,7598
2021-11-01,7533
2021-11-02,7578
2021-11-03,7568
2021-11-05,7596
2021-11-08,7686
2021-11-09,7722
2021-11-10,7747
2021-11-11,7850
2021-11-12,7910
2021-11-15,7917
2021-11-16,7914
2021-11-17,7883
2021-11-18,7950
2021-11-19,7925
2021-11-22,7880
2021-11-23,7726
2021-11-24,7671
2021-11-25,7699
2021-11-26,7726
2021-11-29,7737
2021-11-30,7716
2021-12-01,7607
2021-12-02,7660
2021-12-03,7640
2021-12-06,7701
2021-12-07,7687
2021-12-08,7690
2021-12-09,7671
2021-12-10,7648
2021-12-13,7661
2021-12-14,7693
2021-12-15,7656
2021-12-16,7669
2021-12-17,7727
2021-12-20,7762
2021-12-21,7721
2021-12-23,7736
2021-12-24,7742
2021-12-27,7736
2021-12-28,7726
2021-12-29,7692
2021-12-30,7677
2021-12-31,7730
2022-01-03,7765
2022-01-04,7692
2022-01-05,7747
2022-01-06,7746
2022-01-07,7704
2022-01-10,7683
2022-01-11,7724
2022-01-12,7775
2022-01-13,7765
2022-01-14,7760
2022-01-17,7754
2022-01-19,7747
2022-01-20,7863
2022-01-21,7860
2022-01-24,7826
2022-01-26,7897
2022-01-27,7802
2022-02-03,7697
2022-02-04,7688
2022-02-07,7732
2022-02-08,7765
2022-02-09,7788
2022-02-10,7815
2022-02-11,7804
2022-02-14,7945
2022-02-15,7992
2022-02-16,7899
2022-02-17,7978
2022-02-18,8109
2022-02-21,8140
2022-02-22,8163
2022-02-23,8099
2022-02-24,8159
2022-02-25,8165
2022-02-28,8181
2022-03-01,8158
2022-03-02,8320
2022-03-03,8242
2022-03-04,8286
2022-03-07,8472
2022-03-08,8531
2022-03-09,8723
2022-03-10,8480
2022-03-14,8433
2022-03-15,8365
2022-03-16,8241
2022-03-17,8236
2022-03-18,8308
2022-03-21,8219
2022-03-22,8302
2022-03-23,8244
2022-03-24,8381
2022-03-25,8445
2022-03-28,8408
2022-03-29,8269
2022-03-30,8233
2022-03-31,8272
2022-04-04,8276
2022-04-05,8311
2022-04-06,8263
2022-04-07,8278
2022-04-08,8319
2022-04-11,8380
2022-04-12,8437
2022-04-13,8477
2022-04-14,8510
2022-04-15,8522
2022-04-18,8575
2022-04-20,8484
2022-04-21,8533
2022-04-22,8564
2022-04-25,8533
2022-04-26,8434
2022-04-27,8466
2022-04-28,8381
2022-04-29,8436
2022-05-05,8388
2022-05-06,8325
2022-05-09,8384
2022-05-10,8280
2022-05-11,8196
2022-05-12,8278
2022-05-13,8167
2022-05-17,8187
2022-05-18,8120
2022-05-19,8151
2022-05-20,8253
2022-05-23,8269
2022-05-24,8298
2022-05-25,8349
2022-05-26,8303
2022-05-27,8295
2022-05-30,8263
2022-05-31,8245
2022-06-01,8193
2022-06-02,8274
2022-06-03,8354
2022-06-07,8237
2022-06-08,8292
2022-06-09,8303
2022-06-10,8284
2022-06-13,8428
2022-06-14,8218
2022-06-15,8157
2022-06-16,8230
2022-06-17,8286
2022-06-20,8252
2022-06-21,8249
2022-06-22,8208
2022-06-23,8248
2022-06-24,8198
2022-06-27,8206
2022-06-28,8191
2022-06-29,8163
2022-06-30,8165
2022-07-01,8113
2022-07-04,8137
2022-07-05,8134
2022-07-06,7980
2022-07-07,7850
2022-07-08,7858
2022-07-12,7840
2022-07-13,7803
2022-07-15,7753
2022-07-18,7728
2022-07-19,7749
2022-07-20,7760
2022-07-21,7695
2022-07-22,7802
2022-07-25,7821
2022-07-26,7809
2022-07-28,7891
2022-07-29,7957
2022-08-01,8002
2022-08-02,8044
2022-08-03,7994
2022-08-04,8015
2022-08-05,8136
2022-08-08,8055
2022-08-09,8131
2022-08-10,8150
2022-08-11,8104
2022-08-12,8107
2022-08-15,8154
2022-08-16,8096
2022-08-17,8084
2022-08-18,8039
2022-08-19,8022
2022-08-22,7984
2022-08-23,7944
2022-08-24,7990
2022-08-25,8012
2022-08-26,8003
2022-08-29,7927
2022-08-30,7953
2022-09-01,7808
2022-09-02,7769
2022-09-05,7817
2022-09-06,7852
2022-09-07,7815
2022-09-08,7872
2022-09-09,7851
2022-09-12,7872
2022-09-13,7931
2022-09-14,7846
2022-09-15,7831
2022-09-19,7753
2022-09-20,7783
2022-09-21,7751
2022-09-22,7748
2022-09-23,7792
2022-09-26,7690
2022-09-27,7652
2022-09-28,7668
2022-09-29,7803
2022-09-30,7861
2022-10-03,7874
2022-10-04,8045
2022-10-05,8159
2022-10-06,8123
2022-10-07,8105
2022-10-11,7944
2022-10-12,7923
2022-10-13,7988
2022-10-14,7960
2022-10-17,7904
2022-10-18,7931
2022-10-19,7944
2022-10-20,7846
2022-10-21,7840
2022-10-25,7989
2022-10-26,7964
2022-10-27,8008
2022-10-28,7990
2022-10-31,7915
2022-11-01,7872
2022-11-02,7964
2022-11-03,7905
2022-11-04,7889
2022-11-07,8091
2022-11-08,8085
2022-11-09,8251
2022-11-10,8162
2022-11-11,8312
2022-11-14,8290
2022-11-15,8276
2022-11-16,8219
2022-11-17,8216
2022-11-21,8148
2022-11-22,8128
2022-11-23,8118
2022-11-24,8152
2022-11-25,8008
2022-11-29,7959
2022-11-30,8040
2022-12-01,7995
2022-12-02,8059
2022-12-05,8041
2022-12-06,7908
2022-12-07,7934
2022-12-08,7992
2022-12-09,8003
2022-12-12,8060
2022-12-13,8033
2022-12-14,8136
2022-12-15,8098
2022-12-16,8012
2022-12-19,8071
2022-12-20,8059
2022-12-21,8217
2022-12-22,8208
2022-12-23,8098
2022-12-27,8119
2022-12-28,8169
2022-12-29,8149
2022-12-30,8166
2023-01-03,8209
2023-01-04,8258
2023-01-05,8324
2023-01-06,8214
2023-01-09,8332
2023-01-10,8333
2023-01-11,8367
2023-01-12,8346
2023-01-13,8385
2023-01-16,8472
2023-01-17,8440
2023-01-18,8413
2023-01-19,8401
2023-01-20,8469
2023-01-25,8436
2023-01-26,8447
2023-01-27,8350
2023-01-30,8328
2023-01-31,8313
2023-02-01,8286
2023-02-02,8411
2023-02-03,8302
2023-02-07,8201
2023-02-08,8206
2023-02-09,8220
2023-02-10,8192
2023-02-13,8232
2023-02-14,8224
2023-02-15,8240
2023-02-16,8236
2023-02-17,8258
2023-02-20,8282
2023-02-21,8322
2023-02-22,8315
2023-02-23,8271
2023-02-24,8244
2023-02-27,8237
2023-02-28,8270
2023-03-01,8346
2023-03-02,8366
2023-03-03,8396
2023-03-06,8429
2023-03-07,8416
2023-03-08,8325
2023-03-09,8366
2023-03-10,8441
2023-03-13,8621
2023-03-14,8731
2023-03-15,8675
2023-03-16,8813
2023-03-17,8817
2023-03-20,9017
2023-03-21,9029
2023-03-22,8858
2023-03-23,8931
2023-03-24,8975
2023-03-27,8914
2023-03-28,8823
2023-03-29,8826
2023-03-30,8836
2023-03-31,8910
2023-04-03,8831
2023-04-04,8905
2023-04-05,9060
2023-04-06,9068
2023-04-07,9003
2023-04-10,8989
2023-04-11,8974
2023-04-12,9027
2023-04-13,9053
2023-04-14,9134
2023-04-17,9008
2023-04-18,8992
2023-04-19,9050
2023-04-20,9017
2023-04-25,8990
2023-04-26,9093
2023-04-27,9049
2023-04-28,9024
